Question Number,is _correct ,ID,Option,Sub
171,0,696,Word Editor,Coreldraw
171,1,697,Vector Graphic Editor,Coreldraw
171,0,698,Oprating System ,Coreldraw
171,0,699,Non of Above,Coreldraw
172,0,700,A computer's memory is the minimum capacity required by Corel DRAW.,Coreldraw
172,0,701,"Installing it over many machines will be easy, and it will be independent of the operating system.",Coreldraw
172,0,702,Any system that is as fast and dexterous as Linux or Windows is acceptable.,Coreldraw
172,1,703, All of the above,Coreldraw
173,0,704,The Document Palette,Coreldraw
173,0,705, The Color Style Palette,Coreldraw
173,0,706,The Object Properties Container,Coreldraw
173,1,707, All of the above,Coreldraw
174,0,708,Paragraph Text,Coreldraw
174,0,709,Artistic Media,Coreldraw
174,1,710,Both A and B,Coreldraw
174,0,711,None of the above,Coreldraw
175,0,712,Tables,Coreldraw
175,0,713, Bitmaps,Coreldraw
175,1,714, Lenses,Coreldraw
175,0,715,Objects,Coreldraw
176,0,716,JEPG,Coreldraw
176,0,717,PNG,Coreldraw
176,0,718,GIF,Coreldraw
176,1,719,All of the above,Coreldraw
177,0,720, Outline Trace,Coreldraw
177,0,721, Centreline Trace,Coreldraw
177,1,722,Both A and B,Coreldraw
177,0,723,None of the above,Coreldraw
178,0,724, Pen Tool,Coreldraw
178,0,725, Freehand Tool,Coreldraw
178,1,726, B-Spline Tool,Coreldraw
178,0,727, 2-Point Line Tool,Coreldraw
179,0,728,JPEG,Coreldraw
179,1,729, PNG,Coreldraw
179,0,730, BMP,Coreldraw
179,0,731,TIFF,Coreldraw
180,1,732,True ,Coreldraw
180,0,733,FALSE,Coreldraw
180,0,734,_,Coreldraw
180,0,735,None of These,Coreldraw
181,1,736,2,Coreldraw
181,0,737,1,Coreldraw
181,0,738,4,Coreldraw
181,0,739,3,Coreldraw
182,0,740,Java ,Coreldraw
182,0,741,Python ,Coreldraw
182,1,742,C++ & C#,Coreldraw
182,0,743,Angular ,Coreldraw
183,1,744,F11,Coreldraw
183,0,745,F6,Coreldraw
183,0,746,F10,Coreldraw
183,0,747,F8,Coreldraw
184,0,748,File,Coreldraw
184,0,749,Import,Coreldraw
184,1,750,Export,Coreldraw
184,0,751,Text ,Coreldraw
185,1,752,Latter ,Coreldraw
185,0,753,A4,Coreldraw
185,0,754,Legal ,Coreldraw
185,0,755,Postcard,Coreldraw
186,0,756,It has a line  ,Coreldraw
186,1,757, It can be filled,Coreldraw
186,0,758,It has nodes,Coreldraw
186,0,759,It has a shape,Coreldraw
187,0,760,Selection Tool,Coreldraw
187,0,761,Curve tool,Coreldraw
187,0,762,Direct Selection Tool,Coreldraw
187,1,763,Shape tool,Coreldraw
188,0,764,Freehand Tool,Coreldraw
188,0,765,Shape tool,Coreldraw
188,1,766,Pick tool,Coreldraw
188,0,767,Bezier Tool,Coreldraw
189,0,768,TRUE,Coreldraw
189,1,769,FALSE,Coreldraw
189,0,770,None of these,Coreldraw
189,0,771,_,Coreldraw
190,0,772,pencil,Coreldraw
190,1,773,Eyedropper,Coreldraw
190,0,774,Bezier,Coreldraw
190,0,775,Freehand,Coreldraw
191,0,776,None of these,Coreldraw
191,0,777,Remove Overlapping Segments in Objects,Coreldraw
191,1,778,Removes the area outside a selection,Coreldraw
191,0,779,Slice objects into two separate parts,Coreldraw
192,0,780,Bitmap,Coreldraw
192,1,781,Scalar,Coreldraw
192,0,782,Vector,Coreldraw
192,0,783,Photo paint,Coreldraw
193,0,784,Vectors,Coreldraw
193,0,785,Particles,Coreldraw
193,1,786,Pixels,Coreldraw
193,0,787,Lines,Coreldraw
194,0,788,For book design,Coreldraw
194,0,789,Setting of margin,Coreldraw
194,0,790,Dividing your work,Coreldraw
194,1,791,All of the above,Coreldraw
195,1,792,Careldrw,Coreldraw
195,0,793,Coraldrw,Coreldraw
195,0,794,Coraldwr,Coreldraw
195,0,795,Careldrw,Coreldraw
196,0,796,Text Tool,Coreldraw
196,0,797,Shape Tool,Coreldraw
196,0,798,Pick Tool,Coreldraw
196,1,799,Move Tool,Coreldraw
197,0,800,Ctrl + W,Coreldraw
197,0,801,Ctrl + C,Coreldraw
197,0,802,Alt + F2,Coreldraw
197,1,803,Alt + F4,Coreldraw
198,0,804,T,Coreldraw
198,0,805,A,Coreldraw
198,1,806,I,Coreldraw
198,0,807,R,Coreldraw
199,1,808,Reapply the last undone action,Coreldraw
199,0,809,Insert New Page,Coreldraw
199,0,810,None of These,Coreldraw
199,0,811,Cancel the Previous action,Coreldraw
200,0,812,TRUE,Coreldraw
200,1,813,FALSE,Coreldraw
200,0,814,None of these,Coreldraw
200,0,815,_,Coreldraw
201,0,816,D,Coreldraw
201,0,817,T,Coreldraw
201,0,818,W,Coreldraw
201,1,819,M,Coreldraw
202,0,820,RGB,Coreldraw
202,1,821,LZW,Coreldraw
202,0,822,HSV,Coreldraw
202,0,823,CMYK,Coreldraw
203,0,824,Use the  Ellipse Tool While Holding Down the Alt Key ,Coreldraw
203,1,825,Use the  Ellipse Tool While Holding Down the Shift Key ,Coreldraw
203,0,826,Use the  Ellipse Tool While Holding Down the Ctrl Key ,Coreldraw
203,0,827,Use the  Ellipse Tool While Holding Down the Spacebar,Coreldraw
204,0,828,Shape Tool ,Coreldraw
204,1,829,Power Clip ,Coreldraw
204,0,830,Crop Tool ,Coreldraw
204,0,831,Freehand Tool ,Coreldraw
205,1,832,Ctrl + G,Coreldraw
205,0,833, Ctrl + U,Coreldraw
205,0,834,Ctrl + C,Coreldraw
205,0,835, Ctrl + D,Coreldraw
206,0,836,File,Coreldraw
206,1,837,Arrange,Coreldraw
206,0,838,Tools,Coreldraw
206,0,839,View,Coreldraw
207,0,840,Opens a file,Coreldraw
207,1,841,Zoom in (by dragging an area),Coreldraw
207,0,842,Group objects,Coreldraw
207,0,843, Select text,Coreldraw
208,0,844,Weld,Coreldraw
208,1,845, Order,Coreldraw
208,0,846,Align,Coreldraw
208,0,847, Combine,Coreldraw
209,0,848,To group objects,Coreldraw
209,1,849,To convert text or shapes into editable curves,Coreldraw
209,0,850,To change color,Coreldraw
209,0,851, To zoom object,Coreldraw
210,0,852,File,Coreldraw
210,0,853, Edit,Coreldraw
210,1,854, View,Coreldraw
210,0,855, Layout,Coreldraw
211,1,856,Break Curve Apart,Coreldraw
211,0,857, Ungroup,Coreldraw
211,0,858, Separate,Coreldraw
211,0,859,Divide,Coreldraw
212,1,860,Interactive Fill Tool,Coreldraw
212,0,861, Eyedropper Tool,Coreldraw
212,0,862,Outline Tool,Coreldraw
212,0,863, Transparency Tool,Coreldraw
213,0,864,F6,Coreldraw
213,1,865, F11,Coreldraw
213,0,866,Ctrl + P,Coreldraw
213,0,867, Ctrl + C,Coreldraw
214,1,868,RGB and CMYK,Coreldraw
214,0,869, HSL and HSV,Coreldraw
214,0,870, Pantone and CMY,Coreldraw
214,0,871, XYZ and YUV,Coreldraw
215,0,872,At the top,Coreldraw
215,0,873, At the bottom,Coreldraw
215,0,874, At the left,Coreldraw
215,1,875,At the right,Coreldraw
216,0,876,White,Coreldraw
216,0,877, Transparent,Coreldraw
216,1,878,X icon in the color palette,Coreldraw
216,0,879, Eraser tool,Coreldraw
217,1,880,.cdr,Coreldraw
217,0,881,.cdrw,Coreldraw
217,0,882, .cdw,Coreldraw
217,0,883,.corel,Coreldraw
218,0,884,.jpg,Coreldraw
218,1,885,.docx,Coreldraw
218,0,886, .png,Coreldraw
218,0,887, .svg,Coreldraw
219,0,888,Page Background,Coreldraw
219,1,889, Page Setup,Coreldraw
219,0,890, Orientation Tool,Coreldraw
219,0,891,Page Numbering,Coreldraw
220,0,892,File,Coreldraw
220,1,893,Layout,Coreldraw
220,0,894,Tools,Coreldraw
220,0,895,Window,Coreldraw
